{
    "name": "MQTTPubSubClient",
    "keywords": "mqtt,websocket,wifi,ethernet,tcp",
    "description": "MQTT and MQTT over WebSoket Client for Arduino",
    "repository": {
        "type": "git",
        "url": "https://github.com/hideakitai/MQTTPubSubClient.git"
    },
    "authors": {
        "name": "Hideaki Tai",
        "url": "https://github.com/hideakitai",
        "maintainer": true
    },
    "version": "0.1.0",
    "license": "MIT",
    "frameworks": "arduino",
    "platforms": "*"
}
